,status,month,credit_history,purpose,credit_amount,savings,employment,investment_as_income_percentage,sex,other_debtors,residence_since,property,age,installment_plans,housing,number_of_credits,skill_level,people_liable_for,telephone,foreign_worker,credit,sex-age
0,A11,24,A31,A43,1546,A61,A74,4,male,A103,4,A123,youth,A141,A151,1,A172,1,A191,A201,2,male-youth
1,A12,12,A32,A42,2762,A65,A75,1,female,A101,2,A122,adult,A141,A152,1,A173,1,A192,A201,2,female-adult
2,A11,6,A34,A42,3384,A61,A73,1,male,A101,4,A121,adult,A143,A151,1,A174,1,A192,A201,2,male-adult
3,A14,18,A32,A43,1126,A65,A72,4,female,A101,2,A121,youth,A143,A151,1,A173,1,A192,A201,1,female-youth
4,A14,15,A34,A42,3343,A61,A73,4,male,A101,2,A124,adult,A143,A153,1,A173,1,A192,A201,1,male-adult
5,A14,12,A34,A43,797,A65,A75,4,female,A101,3,A122,adult,A141,A152,1,A172,2,A191,A201,2,female-adult
6,A14,39,A32,A41,2569,A63,A73,4,male,A101,4,A123,youth,A143,A152,1,A173,1,A191,A201,1,male-youth
7,A11,9,A32,A43,1364,A61,A74,3,male,A101,4,A121,adult,A143,A152,1,A173,1,A191,A201,1,male-adult
8,A14,28,A34,A43,2743,A61,A75,4,male,A101,2,A123,adult,A143,A152,2,A173,1,A191,A201,1,male-adult
9,A12,30,A30,A49,4280,A62,A73,4,female,A101,4,A123,adult,A143,A151,2,A172,1,A191,A201,2,female-adult
10,A14,6,A32,A43,518,A61,A73,3,female,A101,1,A121,adult,A143,A152,1,A173,1,A191,A201,1,female-adult
11,A11,12,A34,A40,2121,A61,A73,4,male,A101,2,A122,adult,A143,A152,2,A173,1,A191,A201,1,male-adult
12,A14,6,A30,A40,1204,A62,A73,4,male,A101,1,A124,adult,A141,A151,1,A173,1,A191,A202,1,male-adult
13,A11,24,A34,A43,1231,A64,A75,4,female,A101,4,A122,adult,A143,A151,2,A174,1,A192,A201,1,female-adult
14,A11,30,A32,A42,3622,A64,A75,4,female,A101,4,A122,adult,A143,A151,2,A173,1,A192,A201,1,female-adult
15,A12,12,A32,A49,841,A62,A74,2,female,A101,4,A121,youth,A143,A151,1,A172,1,A191,A201,1,female-youth
16,A12,48,A30,A410,18424,A61,A73,1,female,A101,2,A122,adult,A141,A152,1,A174,1,A192,A202,2,female-adult
17,A12,24,A34,A43,1216,A62,A72,4,male,A101,4,A124,adult,A141,A152,2,A173,2,A191,A201,2,male-adult
18,A14,36,A34,A41,5842,A61,A75,2,male,A101,2,A122,adult,A143,A152,2,A173,2,A192,A201,1,male-adult
19,A14,48,A34,A41,11590,A62,A73,2,female,A101,4,A123,youth,A141,A151,2,A172,1,A191,A201,2,female-youth
20,A12,24,A32,A40,1355,A61,A72,3,female,A101,4,A123,adult,A143,A152,1,A172,1,A192,A201,2,female-adult
21,A12,15,A32,A45,2631,A62,A73,3,female,A101,2,A121,adult,A143,A152,1,A172,1,A191,A201,1,female-adult
22,A14,24,A32,A43,3430,A63,A75,3,male,A101,2,A123,adult,A143,A152,1,A173,2,A192,A201,1,male-adult
23,A11,18,A30,A42,3114,A61,A72,1,female,A101,4,A122,adult,A143,A151,1,A173,1,A191,A201,2,female-adult
24,A11,12,A34,A41,1409,A61,A75,4,male,A101,3,A121,adult,A143,A152,1,A173,1,A191,A201,1,male-adult
25,A11,18,A32,A44,1217,A61,A73,4,male,A101,3,A121,adult,A143,A152,1,A172,1,A192,A201,2,male-adult
26,A11,24,A32,A49,6568,A61,A73,2,male,A101,2,A123,youth,A142,A152,1,A172,1,A191,A201,1,male-youth
27,A11,15,A32,A40,1403,A61,A73,2,female,A101,4,A123,adult,A143,A151,1,A173,1,A191,A201,1,female-adult
28,A11,12,A32,A40,759,A61,A74,4,male,A101,2,A121,adult,A143,A152,1,A173,1,A191,A201,2,male-adult
29,A12,18,A32,A42,1924,A65,A72,4,female,A101,3,A121,adult,A143,A151,1,A173,1,A191,A201,2,female-adult
30,A14,36,A33,A40,10875,A61,A75,2,male,A101,2,A123,adult,A143,A152,2,A173,2,A192,A201,1,male-adult
31,A14,30,A34,A41,7596,A65,A75,1,male,A101,4,A123,adult,A143,A152,2,A173,1,A191,A201,1,male-adult
32,A12,15,A33,A45,1512,A64,A73,3,male,A101,3,A122,adult,A142,A152,2,A173,1,A191,A201,2,male-adult
33,A12,12,A32,A40,6078,A61,A74,2,male,A101,2,A123,adult,A143,A152,1,A173,1,A191,A201,1,male-adult
34,A12,36,A32,A41,9398,A61,A72,1,male,A101,4,A123,adult,A143,A151,1,A174,1,A192,A201,2,male-adult
35,A14,6,A34,A43,1740,A61,A75,2,male,A101,2,A121,adult,A143,A151,2,A173,1,A191,A201,1,male-adult
36,A14,24,A34,A43,5103,A61,A72,3,male,A101,3,A124,adult,A143,A153,3,A173,1,A192,A201,1,male-adult
37,A11,12,A34,A40,2122,A61,A73,3,male,A101,2,A121,adult,A143,A151,2,A172,2,A191,A202,1,male-adult
38,A12,6,A32,A43,590,A61,A72,3,male,A101,3,A121,adult,A143,A152,1,A172,1,A191,A202,1,male-adult
39,A12,12,A32,A40,836,A62,A72,4,female,A101,2,A122,youth,A141,A152,1,A172,1,A191,A201,2,female-youth
40,A12,24,A32,A40,3512,A62,A74,2,male,A101,3,A123,adult,A141,A152,2,A173,1,A192,A201,1,male-adult
41,A14,30,A34,A43,4530,A61,A74,4,female,A101,4,A123,adult,A143,A151,1,A174,1,A192,A201,1,female-adult
42,A12,18,A32,A49,1941,A64,A73,4,male,A101,2,A122,adult,A143,A152,1,A172,1,A192,A201,1,male-adult
43,A11,42,A32,A42,7882,A61,A74,2,male,A103,4,A122,adult,A143,A153,1,A173,2,A191,A201,1,male-adult
44,A12,60,A33,A43,9157,A65,A73,2,male,A101,2,A124,adult,A143,A153,1,A174,1,A191,A201,1,male-adult
45,A12,12,A32,A48,754,A65,A75,4,male,A101,4,A122,adult,A143,A152,2,A173,1,A191,A201,1,male-adult
46,A14,24,A34,A40,1287,A64,A75,4,female,A101,4,A121,adult,A143,A152,2,A173,1,A192,A201,1,female-adult
47,A14,24,A32,A41,2603,A64,A73,2,female,A101,4,A123,adult,A143,A151,1,A173,1,A192,A201,1,female-adult
48,A14,36,A32,A46,9055,A65,A73,2,male,A101,4,A124,adult,A143,A153,1,A172,2,A192,A201,1,male-adult
49,A14,15,A32,A42,2708,A61,A72,2,male,A101,3,A122,adult,A141,A152,2,A172,1,A191,A201,1,male-adult
50,A11,15,A32,A40,2511,A61,A71,1,female,A101,4,A123,youth,A143,A151,1,A173,1,A191,A201,1,female-youth
51,A12,18,A33,A42,4297,A61,A75,4,male,A101,3,A124,adult,A143,A152,1,A174,1,A192,A201,2,male-adult
52,A11,48,A32,A43,6999,A61,A74,1,male,A103,1,A121,adult,A143,A152,2,A173,1,A192,A201,2,male-adult
53,A12,8,A32,A43,760,A61,A74,4,female,A103,2,A121,adult,A143,A152,1,A172,1,A191,A201,1,female-adult
54,A14,12,A34,A40,1495,A61,A75,4,male,A101,1,A121,adult,A143,A152,2,A172,2,A191,A201,1,male-adult
55,A14,15,A33,A43,1478,A61,A73,4,male,A101,3,A121,adult,A141,A152,2,A173,1,A191,A201,1,male-adult
56,A14,18,A32,A42,3422,A61,A75,4,male,A101,4,A122,adult,A141,A152,3,A173,2,A192,A201,1,male-adult
57,A14,12,A34,A43,522,A63,A75,4,male,A101,4,A122,adult,A143,A152,2,A173,2,A192,A201,1,male-adult
58,A14,12,A34,A46,701,A61,A73,4,male,A101,2,A123,adult,A143,A152,2,A173,1,A191,A201,1,male-adult
59,A12,24,A32,A41,11560,A61,A73,1,female,A101,4,A123,youth,A143,A151,2,A174,1,A191,A201,2,female-youth
60,A14,48,A34,A46,6110,A61,A73,1,male,A101,3,A124,adult,A141,A153,1,A173,1,A192,A201,1,male-adult
61,A12,60,A32,A46,6288,A61,A73,4,male,A101,4,A124,adult,A143,A153,1,A173,1,A191,A201,2,male-adult
62,A14,18,A34,A40,2775,A61,A74,2,male,A101,2,A122,adult,A141,A152,2,A173,1,A191,A201,2,male-adult
63,A11,24,A34,A40,1199,A61,A75,4,male,A101,4,A123,adult,A143,A152,2,A172,1,A191,A201,2,male-adult
64,A14,14,A33,A40,802,A61,A73,4,male,A101,2,A123,adult,A143,A152,2,A172,1,A191,A201,1,male-adult
65,A14,24,A34,A49,4139,A62,A73,3,male,A101,3,A122,adult,A143,A152,2,A172,1,A192,A201,1,male-adult
66,A11,45,A30,A49,11816,A61,A75,2,male,A101,4,A123,adult,A143,A151,2,A173,1,A191,A201,2,male-adult
67,A14,10,A32,A40,1418,A62,A73,3,male,A101,2,A121,adult,A143,A151,1,A172,1,A191,A202,1,male-adult
68,A12,12,A32,A40,685,A61,A74,2,male,A101,3,A123,adult,A141,A152,1,A172,1,A191,A201,2,male-adult
69,A11,21,A33,A46,3414,A61,A72,2,male,A101,1,A122,adult,A143,A152,2,A173,1,A191,A201,2,male-adult
70,A12,12,A32,A41,2028,A65,A73,4,male,A101,2,A123,adult,A143,A152,1,A173,1,A191,A201,1,male-adult
71,A11,12,A32,A41,3386,A61,A75,3,male,A101,4,A124,adult,A143,A153,1,A173,1,A192,A201,2,male-adult
72,A12,48,A30,A49,3844,A62,A74,4,male,A101,4,A124,adult,A143,A153,1,A172,2,A191,A201,2,male-adult
73,A14,18,A32,A42,2515,A61,A73,3,male,A101,4,A121,adult,A143,A152,1,A173,1,A192,A201,1,male-adult
74,A14,10,A34,A40,1231,A61,A75,3,male,A101,4,A121,adult,A143,A152,2,A172,2,A191,A202,1,male-adult
75,A12,18,A34,A42,7374,A61,A71,4,male,A101,4,A122,adult,A142,A152,2,A174,1,A192,A201,1,male-adult
76,A12,60,A31,A410,14782,A62,A75,3,female,A101,4,A124,adult,A141,A153,2,A174,1,A192,A201,2,female-adult
77,A14,10,A34,A42,2146,A61,A72,1,female,A101,3,A121,youth,A143,A151,2,A173,1,A191,A201,1,female-youth
78,A12,60,A32,A40,14027,A61,A74,4,male,A101,2,A124,adult,A143,A152,1,A174,1,A192,A201,2,male-adult
79,A14,24,A32,A43,3235,A63,A75,3,male,A101,2,A123,adult,A143,A152,1,A174,1,A192,A201,1,male-adult
80,A14,12,A34,A46,2748,A61,A75,2,female,A101,4,A124,adult,A141,A153,3,A172,1,A191,A201,1,female-adult
81,A13,24,A32,A43,1258,A63,A73,3,female,A101,3,A123,adult,A143,A152,1,A172,1,A191,A201,1,female-adult
82,A14,24,A32,A43,1278,A61,A75,4,male,A101,1,A121,adult,A143,A152,1,A174,1,A192,A201,1,male-adult
83,A12,6,A32,A43,753,A61,A73,2,female,A103,3,A121,adult,A143,A152,1,A173,1,A191,A201,1,female-adult
84,A11,42,A34,A45,3394,A61,A71,4,male,A102,4,A123,adult,A143,A152,2,A171,1,A191,A201,1,male-adult
85,A11,21,A34,A40,571,A61,A75,4,male,A101,4,A121,adult,A143,A152,2,A173,1,A191,A201,1,male-adult
86,A14,12,A34,A42,3331,A61,A75,2,male,A101,4,A122,adult,A142,A152,1,A173,1,A191,A201,1,male-adult
87,A11,48,A32,A41,10297,A61,A74,4,male,A101,4,A124,adult,A142,A153,3,A173,2,A192,A201,2,male-adult
88,A14,6,A32,A43,1346,A62,A75,2,male,A101,4,A124,adult,A141,A153,1,A173,2,A192,A201,1,male-adult
89,A14,24,A34,A46,1927,A65,A73,3,female,A101,2,A123,adult,A143,A152,2,A173,1,A192,A201,1,female-adult
90,A14,18,A32,A40,2662,A65,A74,4,male,A101,3,A122,adult,A143,A152,1,A173,1,A191,A202,1,male-adult
91,A13,15,A32,A46,392,A61,A72,4,female,A101,4,A122,youth,A143,A151,1,A173,1,A192,A201,1,female-youth
92,A12,6,A33,A49,1449,A62,A75,1,male,A101,2,A123,adult,A141,A152,2,A173,2,A191,A201,1,male-adult
93,A14,24,A32,A49,1258,A61,A74,4,male,A101,1,A121,adult,A143,A152,1,A173,1,A192,A201,1,male-adult
94,A14,7,A33,A43,846,A65,A75,3,male,A101,4,A124,adult,A143,A153,1,A173,1,A191,A201,1,male-adult
95,A14,39,A32,A41,8588,A62,A75,4,male,A101,2,A123,adult,A143,A152,1,A174,1,A192,A201,1,male-adult
96,A14,48,A33,A43,12749,A63,A74,4,male,A101,1,A123,adult,A143,A152,1,A174,1,A192,A201,1,male-adult
97,A14,24,A34,A41,2346,A61,A74,4,male,A101,3,A123,adult,A143,A152,2,A173,1,A192,A201,1,male-adult
98,A14,12,A32,A43,3059,A64,A74,2,male,A101,4,A121,adult,A143,A152,1,A172,1,A191,A201,1,male-adult
99,A13,10,A34,A40,781,A61,A75,4,male,A101,4,A124,adult,A143,A153,2,A173,1,A192,A201,1,male-adult
100,A14,6,A30,A43,426,A61,A75,4,male,A101,4,A123,adult,A143,A152,1,A172,1,A191,A201,1,male-adult
101,A11,30,A32,A45,11998,A61,A72,1,male,A101,1,A124,adult,A143,A152,1,A172,1,A192,A201,2,male-adult
102,A11,12,A32,A46,1200,A65,A73,4,female,A101,4,A122,youth,A141,A151,1,A173,1,A192,A201,1,female-youth
103,A11,8,A34,A410,1164,A61,A75,3,male,A101,4,A124,adult,A141,A153,2,A174,2,A192,A201,1,male-adult
104,A12,36,A32,A46,3711,A65,A73,2,male,A101,2,A123,adult,A143,A152,1,A173,1,A191,A201,1,male-adult
105,A11,36,A32,A40,3249,A61,A74,2,male,A101,4,A124,adult,A141,A153,1,A174,2,A192,A201,1,male-adult
106,A14,12,A32,A43,2141,A62,A74,3,male,A101,1,A124,adult,A143,A152,1,A173,1,A191,A201,1,male-adult
107,A14,24,A34,A42,1585,A61,A74,4,male,A101,3,A122,adult,A143,A152,2,A173,1,A191,A201,1,male-adult
108,A14,18,A34,A43,2238,A61,A73,2,female,A101,1,A123,adult,A143,A152,2,A173,1,A191,A201,1,female-adult
109,A14,15,A34,A42,1520,A65,A75,4,male,A101,4,A122,adult,A143,A152,1,A173,1,A191,A201,1,male-adult
110,A14,12,A32,A46,719,A61,A75,4,male,A101,4,A123,adult,A141,A152,1,A172,2,A191,A201,2,male-adult
111,A11,12,A32,A42,3590,A61,A73,2,male,A102,2,A122,adult,A143,A152,1,A172,2,A191,A201,1,male-adult
112,A11,18,A32,A42,3650,A61,A72,1,female,A101,4,A123,youth,A143,A151,1,A173,1,A191,A201,1,female-youth
113,A11,24,A31,A42,2828,A63,A73,4,male,A101,4,A121,youth,A142,A152,1,A173,1,A192,A201,1,male-youth
114,A14,24,A32,A42,3062,A63,A75,4,male,A101,3,A124,adult,A143,A151,1,A173,1,A192,A201,1,male-adult
115,A11,48,A32,A40,7763,A61,A75,4,male,A101,4,A124,adult,A141,A153,1,A174,1,A191,A201,2,male-adult
116,A12,36,A30,A49,1953,A61,A75,4,male,A101,4,A124,adult,A143,A153,1,A174,1,A192,A201,2,male-adult
117,A14,15,A32,A44,1262,A63,A74,4,male,A101,3,A122,adult,A143,A152,2,A173,1,A192,A201,1,male-adult
118,A14,18,A34,A43,1098,A61,A71,4,female,A101,4,A123,adult,A143,A152,2,A171,1,A191,A201,1,female-adult
119,A11,12,A31,A43,2149,A61,A73,4,male,A101,1,A124,adult,A143,A153,1,A173,1,A191,A201,2,male-adult
120,A12,10,A31,A43,1048,A61,A73,4,male,A101,4,A121,youth,A142,A152,1,A172,1,A191,A201,1,male-youth
121,A14,18,A34,A40,1055,A61,A72,4,female,A101,1,A122,adult,A143,A152,2,A173,1,A191,A201,1,female-adult
122,A13,24,A32,A43,1377,A62,A75,4,female,A101,2,A124,adult,A143,A153,1,A173,1,A192,A201,1,female-adult
123,A14,48,A34,A41,2751,A65,A75,4,male,A101,3,A123,adult,A143,A152,2,A173,2,A192,A201,1,male-adult
124,A14,9,A32,A40,3577,A62,A73,1,male,A103,2,A121,adult,A143,A151,1,A173,2,A191,A202,1,male-adult
125,A14,6,A32,A46,1538,A61,A72,1,female,A101,2,A124,adult,A143,A152,1,A173,1,A191,A201,1,female-adult
126,A12,12,A32,A43,1331,A61,A72,2,male,A101,1,A123,youth,A142,A152,1,A173,1,A191,A201,2,male-youth
127,A11,24,A32,A42,4020,A61,A73,2,male,A101,2,A123,adult,A142,A152,1,A173,1,A191,A201,1,male-adult
128,A12,18,A34,A43,1795,A61,A75,3,female,A103,4,A121,adult,A141,A151,2,A172,1,A192,A201,1,female-adult
129,A14,24,A32,A43,1901,A62,A73,4,male,A101,4,A123,adult,A143,A151,1,A174,1,A192,A201,1,male-adult
130,A12,24,A32,A43,5084,A65,A75,2,female,A101,4,A123,adult,A143,A152,1,A173,1,A192,A201,1,female-adult
131,A14,15,A34,A43,1360,A61,A73,4,male,A101,2,A122,adult,A143,A152,2,A173,1,A191,A201,1,male-adult
132,A12,12,A32,A40,1318,A64,A75,4,male,A101,4,A121,adult,A143,A152,1,A173,1,A192,A201,1,male-adult
133,A12,9,A34,A43,1154,A61,A75,2,male,A101,4,A121,adult,A143,A152,3,A172,1,A191,A201,1,male-adult
134,A11,11,A34,A40,3905,A61,A73,2,male,A101,2,A121,adult,A143,A151,2,A173,2,A191,A201,1,male-adult
135,A11,24,A32,A42,4169,A61,A73,4,male,A101,4,A122,adult,A143,A152,1,A173,1,A191,A201,1,male-adult
136,A12,6,A33,A42,1050,A61,A71,4,male,A101,1,A122,adult,A142,A152,2,A174,1,A192,A201,1,male-adult
137,A14,12,A32,A40,1386,A63,A73,2,female,A101,2,A122,adult,A143,A152,1,A173,1,A191,A201,2,female-adult
138,A14,36,A32,A43,2299,A63,A75,4,male,A101,4,A123,adult,A143,A152,1,A173,1,A191,A201,1,male-adult
139,A11,9,A34,A45,1288,A62,A75,3,male,A103,4,A121,adult,A143,A152,2,A173,2,A191,A202,1,male-adult
140,A11,12,A31,A40,697,A61,A72,4,male,A101,2,A123,adult,A141,A152,2,A173,1,A192,A201,2,male-adult
141,A14,15,A32,A43,1386,A65,A73,4,male,A101,2,A121,adult,A143,A151,1,A173,1,A192,A201,1,male-adult
142,A11,12,A32,A42,1262,A65,A75,2,male,A101,4,A122,adult,A143,A152,1,A172,1,A192,A201,1,male-adult
143,A12,15,A34,A43,2728,A65,A74,4,male,A103,2,A121,adult,A141,A152,3,A173,1,A192,A201,1,male-adult
144,A12,12,A32,A49,1037,A62,A74,3,male,A101,4,A121,adult,A143,A152,1,A172,1,A191,A201,1,male-adult
145,A14,15,A34,A46,1532,A62,A73,4,female,A101,3,A123,adult,A143,A152,1,A173,1,A191,A201,1,female-adult
146,A14,11,A32,A49,2142,A64,A75,1,male,A101,2,A121,adult,A143,A152,1,A173,1,A192,A201,1,male-adult
147,A14,12,A34,A43,717,A61,A75,4,male,A101,4,A121,adult,A143,A152,3,A173,1,A191,A201,1,male-adult
148,A12,24,A32,A41,12579,A61,A75,4,female,A101,2,A124,adult,A143,A153,1,A174,1,A192,A201,2,female-adult
149,A11,12,A31,A48,339,A61,A75,4,male,A101,1,A123,adult,A141,A152,1,A172,1,A191,A201,1,male-adult
150,A13,12,A34,A40,939,A63,A74,4,male,A101,2,A121,adult,A143,A152,3,A173,1,A192,A201,2,male-adult
151,A13,24,A32,A43,5152,A61,A74,4,male,A101,2,A123,adult,A141,A152,1,A173,1,A191,A201,1,male-adult
152,A12,42,A31,A41,9283,A61,A71,1,male,A101,2,A124,adult,A141,A153,1,A174,1,A192,A201,1,male-adult
153,A14,12,A32,A43,1963,A61,A74,4,male,A101,2,A123,adult,A143,A151,2,A174,2,A192,A201,1,male-adult
154,A12,24,A34,A41,7758,A64,A75,2,female,A101,4,A124,adult,A143,A151,1,A173,1,A191,A201,1,female-adult
155,A14,18,A34,A42,3780,A61,A72,3,male,A101,2,A123,adult,A143,A152,2,A174,1,A192,A201,1,male-adult
156,A12,18,A32,A40,5866,A62,A73,2,male,A101,2,A123,adult,A143,A152,2,A173,1,A192,A201,1,male-adult
157,A14,60,A33,A43,15653,A61,A74,2,male,A101,4,A123,youth,A143,A152,2,A173,1,A192,A201,1,male-youth
158,A12,12,A32,A40,7472,A65,A71,1,female,A101,2,A121,youth,A143,A151,1,A171,1,A191,A201,1,female-youth
159,A11,6,A34,A43,1957,A61,A74,1,female,A101,4,A123,adult,A143,A152,1,A173,1,A191,A201,1,female-adult
160,A14,24,A32,A40,3757,A61,A75,4,female,A102,4,A124,adult,A143,A153,1,A173,1,A192,A201,1,female-adult
161,A14,24,A34,A43,1851,A61,A74,4,male,A103,2,A123,adult,A143,A152,2,A173,1,A192,A201,1,male-adult
162,A12,21,A32,A49,1188,A61,A75,2,female,A101,4,A122,adult,A143,A152,1,A173,2,A191,A201,2,female-adult
163,A11,24,A32,A40,4817,A61,A74,2,male,A102,3,A122,adult,A143,A152,1,A173,1,A192,A201,2,male-adult
164,A11,15,A32,A44,1275,A65,A73,4,female,A101,2,A123,youth,A143,A151,1,A173,1,A191,A201,2,female-youth
165,A14,12,A32,A42,763,A61,A73,4,female,A101,1,A121,adult,A143,A152,1,A173,1,A192,A201,1,female-adult
166,A14,30,A31,A41,7485,A65,A71,4,female,A101,1,A121,adult,A141,A152,1,A174,1,A192,A201,2,female-adult
167,A14,24,A32,A43,1311,A62,A74,4,male,A101,3,A122,adult,A143,A152,1,A173,1,A192,A201,1,male-adult
168,A14,24,A33,A40,2032,A61,A75,4,male,A101,4,A124,adult,A143,A153,2,A173,1,A192,A201,1,male-adult
169,A11,18,A34,A43,1880,A61,A74,4,male,A101,1,A122,adult,A143,A152,2,A174,1,A192,A201,1,male-adult
170,A14,22,A32,A40,1283,A65,A74,4,female,A101,4,A122,adult,A143,A151,1,A173,1,A191,A201,1,female-adult
171,A13,24,A34,A40,1344,A65,A74,4,male,A101,2,A121,adult,A141,A152,2,A172,2,A191,A201,2,male-adult
172,A11,6,A32,A44,343,A61,A72,4,female,A101,1,A121,adult,A143,A152,1,A173,1,A191,A201,1,female-adult
173,A11,36,A32,A42,5179,A61,A74,4,male,A101,2,A122,adult,A143,A152,1,A173,1,A191,A201,2,male-adult
174,A12,36,A32,A40,12389,A65,A73,1,male,A101,4,A124,adult,A143,A153,1,A173,1,A192,A201,2,male-adult
175,A12,20,A33,A41,7057,A65,A74,3,male,A101,4,A122,adult,A141,A151,2,A174,2,A192,A201,1,male-adult
176,A12,48,A32,A40,6560,A62,A74,3,male,A101,2,A122,youth,A143,A152,1,A173,1,A191,A201,2,male-youth
177,A12,20,A32,A41,6468,A65,A71,1,male,A101,4,A121,adult,A143,A152,1,A174,1,A192,A201,1,male-adult
178,A11,24,A32,A43,1823,A61,A71,4,male,A101,2,A123,adult,A142,A152,1,A174,2,A191,A201,2,male-adult
179,A14,48,A34,A49,7629,A65,A75,4,male,A101,2,A123,adult,A141,A152,2,A174,2,A191,A201,1,male-adult
180,A14,6,A34,A40,362,A62,A73,4,female,A101,4,A123,adult,A143,A152,2,A172,1,A191,A201,1,female-adult
181,A12,36,A33,A49,9857,A62,A74,1,male,A101,3,A122,adult,A143,A152,2,A172,2,A192,A201,1,male-adult
182,A14,36,A32,A42,10974,A61,A71,4,female,A101,2,A123,adult,A143,A152,2,A174,1,A192,A201,2,female-adult
183,A12,24,A32,A410,11328,A61,A73,2,male,A102,3,A123,adult,A141,A152,2,A174,1,A192,A201,2,male-adult
184,A14,24,A32,A43,5943,A65,A72,1,female,A101,1,A123,adult,A143,A152,2,A173,1,A192,A201,2,female-adult
185,A11,24,A31,A49,3161,A61,A73,4,male,A101,2,A122,adult,A143,A151,1,A173,1,A192,A201,2,male-adult
186,A14,15,A32,A41,3029,A61,A74,2,male,A101,2,A123,adult,A143,A152,1,A173,1,A191,A201,1,male-adult
187,A12,6,A32,A43,1068,A61,A75,4,male,A101,4,A123,adult,A143,A152,1,A173,2,A191,A201,1,male-adult
188,A12,36,A33,A49,4455,A61,A73,2,male,A101,2,A121,adult,A142,A152,2,A174,1,A192,A201,2,male-adult
189,A14,30,A32,A43,1867,A65,A75,4,male,A101,4,A123,adult,A143,A152,1,A173,1,A192,A201,1,male-adult
190,A14,24,A34,A41,4042,A65,A74,3,male,A101,4,A122,adult,A143,A152,2,A173,1,A192,A201,1,male-adult
191,A14,24,A32,A41,6313,A65,A75,3,male,A101,4,A123,adult,A143,A152,1,A174,2,A192,A201,1,male-adult
192,A11,15,A32,A42,1845,A61,A72,4,female,A103,1,A122,adult,A143,A151,1,A173,1,A191,A201,1,female-adult
193,A14,18,A32,A43,433,A61,A71,3,female,A102,4,A121,youth,A143,A151,1,A173,1,A191,A201,2,female-youth
194,A12,24,A34,A43,1743,A61,A75,4,male,A101,2,A122,adult,A143,A152,2,A172,1,A191,A201,1,male-adult
195,A14,10,A32,A42,2210,A61,A73,2,male,A101,2,A121,adult,A141,A151,1,A172,1,A191,A201,2,male-adult
196,A12,18,A34,A42,1295,A61,A72,4,female,A101,1,A122,adult,A143,A152,2,A173,1,A191,A201,1,female-adult
197,A11,36,A34,A42,2348,A61,A73,3,male,A101,2,A122,adult,A143,A152,2,A173,1,A192,A201,1,male-adult
198,A14,24,A34,A45,2058,A61,A73,4,male,A101,2,A121,adult,A143,A152,2,A173,1,A192,A201,1,male-adult
199,A11,48,A31,A49,7685,A61,A74,2,female,A103,4,A123,adult,A143,A151,1,A173,1,A191,A201,2,female-adult
200,A12,15,A31,A40,6850,A62,A71,1,male,A101,2,A122,adult,A143,A152,1,A174,2,A192,A201,2,male-adult
201,A13,12,A31,A49,609,A61,A72,4,female,A101,1,A121,adult,A143,A152,1,A171,1,A191,A201,2,female-adult
202,A12,24,A32,A43,2039,A61,A72,1,male,A101,1,A122,youth,A143,A152,1,A173,1,A192,A201,2,male-youth
203,A12,48,A32,A43,10961,A64,A74,1,male,A102,2,A124,adult,A141,A152,2,A173,1,A192,A201,2,male-adult
204,A12,48,A34,A42,5096,A61,A73,2,female,A101,3,A123,adult,A143,A152,1,A174,1,A192,A201,2,female-adult
205,A14,21,A34,A40,12680,A65,A75,4,male,A101,4,A124,adult,A143,A153,1,A174,1,A192,A201,2,male-adult
206,A13,24,A34,A42,3617,A65,A75,4,male,A102,4,A124,youth,A143,A151,2,A173,1,A191,A201,1,male-youth
207,A12,36,A33,A40,7432,A61,A73,2,female,A101,2,A122,adult,A143,A151,1,A173,1,A191,A201,1,female-adult
208,A12,36,A31,A44,3990,A65,A72,3,female,A101,2,A124,adult,A141,A152,1,A171,1,A191,A201,1,female-adult
209,A14,9,A32,A43,2697,A61,A73,1,male,A101,2,A121,adult,A143,A152,1,A173,2,A191,A201,1,male-adult
210,A12,15,A32,A43,1444,A65,A72,4,male,A101,1,A122,youth,A143,A152,1,A173,1,A191,A201,1,male-youth
211,A14,18,A31,A40,6458,A61,A75,2,male,A101,4,A124,adult,A141,A152,2,A174,2,A192,A201,2,male-adult
212,A14,12,A34,A49,1412,A61,A73,4,female,A103,2,A121,adult,A143,A152,2,A174,1,A192,A201,1,female-adult
213,A12,30,A34,A40,2181,A65,A75,4,male,A101,4,A121,adult,A143,A152,2,A173,1,A191,A201,1,male-adult
214,A14,36,A34,A43,9566,A61,A73,2,female,A101,2,A123,adult,A142,A152,2,A173,1,A191,A201,1,female-adult
215,A11,18,A32,A40,4380,A62,A73,3,male,A101,4,A123,adult,A143,A152,1,A172,2,A192,A201,1,male-adult
216,A14,12,A34,A49,2292,A61,A71,4,male,A101,2,A123,adult,A142,A152,2,A174,1,A192,A201,2,male-adult
217,A14,24,A34,A40,2022,A61,A73,4,female,A101,4,A123,adult,A143,A152,1,A173,1,A192,A201,1,female-adult
218,A14,7,A34,A43,730,A65,A75,4,male,A101,2,A122,adult,A143,A151,2,A172,1,A192,A201,1,male-adult
219,A11,48,A32,A41,4788,A61,A74,4,male,A101,3,A122,adult,A143,A152,1,A173,2,A191,A201,1,male-adult
220,A12,12,A32,A43,766,A63,A73,4,male,A101,3,A121,adult,A143,A152,1,A172,1,A191,A201,2,male-adult
221,A11,6,A34,A40,3676,A61,A73,1,male,A101,3,A121,adult,A143,A151,3,A173,2,A191,A201,1,male-adult
222,A14,9,A32,A42,1313,A61,A75,1,male,A101,4,A123,youth,A143,A152,1,A173,1,A191,A201,1,male-youth
223,A14,15,A34,A42,2788,A61,A74,2,female,A102,3,A123,youth,A141,A152,2,A173,1,A191,A201,1,female-youth
224,A11,18,A33,A46,8471,A65,A73,1,female,A101,2,A123,youth,A143,A151,2,A173,1,A192,A201,1,female-youth
225,A12,18,A32,A43,1113,A61,A73,4,female,A103,4,A121,adult,A143,A152,1,A172,2,A191,A201,1,female-adult
226,A12,42,A34,A49,5954,A61,A74,2,female,A101,1,A121,adult,A141,A152,2,A172,1,A191,A201,1,female-adult
227,A14,21,A34,A41,3275,A61,A75,1,male,A101,4,A123,adult,A143,A152,1,A174,1,A192,A201,1,male-adult
228,A12,45,A32,A43,3031,A62,A73,4,male,A103,4,A122,youth,A143,A151,1,A173,1,A191,A201,2,male-youth
229,A11,36,A34,A46,8065,A61,A73,3,female,A101,2,A124,adult,A143,A152,2,A174,1,A192,A201,2,female-adult
230,A11,12,A34,A40,4843,A61,A75,3,male,A102,4,A122,adult,A143,A151,2,A173,1,A192,A201,2,male-adult
231,A12,12,A32,A40,2002,A61,A74,3,male,A101,4,A122,adult,A143,A151,1,A173,2,A192,A201,1,male-adult
232,A11,21,A32,A42,3599,A61,A74,1,female,A101,4,A123,adult,A143,A151,1,A172,1,A191,A201,1,female-adult
233,A12,21,A33,A40,2353,A61,A73,1,male,A101,4,A122,adult,A143,A152,2,A173,1,A191,A201,1,male-adult
234,A14,6,A32,A44,1338,A63,A73,1,male,A101,4,A121,adult,A143,A152,1,A173,1,A191,A201,1,male-adult
235,A11,12,A32,A43,1107,A61,A73,2,male,A101,2,A121,youth,A143,A151,1,A174,2,A192,A201,1,male-youth
236,A11,48,A32,A44,3051,A61,A73,3,male,A101,4,A123,adult,A143,A152,1,A173,1,A191,A201,2,male-adult
237,A14,15,A34,A43,1316,A63,A73,2,male,A101,2,A122,adult,A143,A152,2,A172,1,A191,A201,1,male-adult
238,A14,15,A34,A40,5045,A65,A75,1,female,A101,4,A123,adult,A143,A152,1,A173,1,A192,A201,1,female-adult
239,A12,6,A31,A46,433,A64,A72,4,female,A101,2,A122,youth,A141,A151,1,A173,2,A191,A201,2,female-youth
240,A12,24,A33,A40,1965,A65,A73,4,female,A101,4,A123,adult,A143,A151,2,A173,1,A192,A201,1,female-adult
241,A14,18,A34,A43,6070,A61,A75,3,male,A101,4,A123,adult,A143,A152,2,A173,1,A192,A201,1,male-adult
242,A13,4,A32,A40,1494,A65,A72,1,male,A101,2,A121,adult,A143,A152,1,A172,2,A191,A202,1,male-adult
243,A11,12,A32,A43,727,A62,A72,4,male,A101,3,A124,adult,A143,A152,1,A172,1,A192,A201,2,male-adult
244,A12,14,A32,A49,1410,A63,A75,1,male,A101,2,A121,adult,A143,A152,1,A173,1,A192,A201,1,male-adult
245,A12,10,A32,A40,7308,A61,A71,2,male,A101,4,A124,adult,A141,A153,1,A174,1,A192,A201,1,male-adult
246,A11,18,A32,A42,2473,A61,A71,4,male,A101,1,A123,adult,A143,A152,1,A171,1,A191,A201,2,male-adult
247,A11,21,A32,A40,3763,A65,A74,2,male,A102,2,A121,youth,A143,A152,1,A172,1,A191,A202,1,male-youth
248,A12,30,A33,A43,1919,A62,A72,4,male,A101,3,A124,adult,A142,A152,2,A174,1,A191,A201,2,male-adult
249,A11,30,A32,A41,3857,A61,A73,4,male,A101,4,A122,adult,A143,A152,1,A174,1,A192,A201,1,male-adult
250,A11,8,A34,A40,3398,A61,A74,1,male,A101,4,A121,adult,A143,A152,2,A172,1,A191,A202,1,male-adult
251,A12,9,A31,A40,1437,A62,A74,2,male,A101,3,A124,adult,A143,A152,1,A173,1,A191,A201,2,male-adult
252,A11,21,A32,A43,2606,A61,A72,4,female,A101,4,A122,adult,A143,A151,1,A174,1,A192,A201,1,female-adult
253,A13,10,A32,A40,1240,A62,A75,1,female,A101,4,A124,adult,A143,A153,1,A172,2,A191,A201,2,female-adult
254,A14,9,A34,A46,1244,A65,A75,4,female,A101,4,A122,adult,A143,A151,2,A172,1,A191,A201,1,female-adult
255,A12,18,A32,A42,3001,A61,A74,2,female,A101,4,A121,adult,A143,A151,1,A173,1,A191,A201,1,female-adult
256,A11,8,A34,A40,731,A61,A75,4,male,A101,4,A121,adult,A143,A152,2,A172,1,A191,A201,1,male-adult
257,A14,6,A34,A40,6761,A61,A74,1,male,A101,3,A124,adult,A143,A152,2,A174,2,A192,A201,1,male-adult
258,A11,36,A32,A42,3959,A61,A71,4,male,A101,3,A122,adult,A143,A152,1,A174,1,A192,A201,1,male-adult
259,A11,36,A32,A40,9271,A61,A74,2,male,A101,1,A123,youth,A143,A152,1,A173,1,A192,A201,2,male-youth
260,A12,30,A31,A42,3496,A64,A73,4,male,A101,2,A123,adult,A142,A152,1,A173,2,A192,A201,1,male-adult
261,A11,24,A32,A40,1371,A65,A73,4,female,A101,4,A121,adult,A143,A151,1,A173,1,A191,A201,2,female-adult
262,A14,36,A33,A42,7678,A63,A74,2,female,A101,4,A123,adult,A143,A152,2,A173,1,A192,A201,1,female-adult
263,A14,18,A32,A49,1568,A62,A73,3,female,A101,4,A122,youth,A143,A151,1,A172,1,A191,A201,1,female-youth
264,A14,36,A34,A41,5711,A64,A75,4,male,A101,2,A123,adult,A143,A152,2,A174,1,A192,A201,1,male-adult
265,A14,12,A32,A43,886,A65,A73,4,female,A101,2,A123,youth,A143,A152,1,A173,1,A191,A201,1,female-youth
266,A12,24,A32,A42,4057,A61,A74,3,male,A101,3,A123,adult,A143,A152,1,A173,1,A192,A201,2,male-adult
267,A11,12,A32,A40,3651,A64,A73,1,male,A101,3,A122,adult,A143,A152,1,A173,2,A191,A201,1,male-adult
268,A14,24,A32,A43,1552,A61,A74,3,male,A101,1,A123,adult,A141,A152,1,A173,2,A191,A201,1,male-adult
269,A14,12,A32,A41,4675,A65,A72,1,female,A101,4,A123,youth,A143,A151,1,A173,1,A191,A201,1,female-youth
270,A12,18,A32,A46,1239,A65,A73,4,male,A101,4,A124,adult,A143,A153,1,A173,1,A191,A201,1,male-adult
271,A12,12,A32,A43,1484,A65,A73,2,male,A101,1,A121,adult,A143,A152,1,A173,1,A192,A201,2,male-adult
272,A14,18,A34,A43,629,A63,A75,4,male,A101,3,A122,adult,A141,A152,2,A174,1,A192,A201,1,male-adult
273,A12,24,A34,A42,4736,A61,A72,2,female,A101,4,A123,adult,A141,A152,1,A172,1,A191,A201,2,female-adult
274,A11,60,A33,A49,6836,A61,A75,3,male,A101,4,A124,adult,A143,A152,2,A173,1,A192,A201,2,male-adult
275,A14,15,A33,A42,960,A64,A74,3,female,A101,2,A122,adult,A143,A152,2,A173,1,A191,A201,1,female-adult
276,A12,9,A32,A40,3195,A65,A73,1,female,A101,2,A121,adult,A143,A152,1,A172,1,A191,A201,1,female-adult
277,A13,18,A31,A43,1445,A65,A74,4,male,A101,4,A123,adult,A141,A152,1,A172,1,A191,A201,1,male-adult
278,A11,9,A34,A43,1138,A61,A73,4,male,A101,4,A121,adult,A143,A152,2,A172,1,A191,A201,1,male-adult
279,A14,12,A34,A42,1402,A63,A74,3,female,A101,4,A123,adult,A143,A151,1,A173,1,A192,A201,1,female-adult
280,A12,9,A32,A42,959,A61,A73,1,female,A101,2,A123,adult,A143,A152,1,A173,1,A191,A202,2,female-adult
281,A14,24,A32,A42,2835,A63,A75,3,male,A101,4,A122,adult,A143,A152,1,A173,1,A191,A201,1,male-adult
282,A12,48,A32,A49,15672,A61,A73,2,male,A101,2,A123,youth,A143,A152,1,A173,1,A192,A201,2,male-youth
283,A14,15,A34,A43,1471,A61,A73,4,male,A101,4,A124,adult,A143,A153,2,A173,1,A192,A201,1,male-adult
284,A14,12,A32,A41,1413,A64,A74,3,male,A101,2,A122,adult,A143,A152,1,A173,1,A191,A202,1,male-adult
285,A11,24,A32,A410,1755,A61,A75,4,female,A103,4,A121,adult,A143,A152,1,A172,1,A192,A201,1,female-adult
286,A11,48,A32,A49,4308,A61,A72,3,female,A101,4,A122,youth,A143,A151,1,A173,1,A191,A201,2,female-youth
287,A14,5,A32,A49,3448,A61,A74,1,male,A101,4,A121,adult,A143,A152,1,A172,1,A191,A201,1,male-adult
288,A11,12,A32,A42,1657,A61,A73,2,male,A101,2,A121,adult,A143,A152,1,A173,1,A191,A201,1,male-adult
289,A11,24,A31,A40,1193,A61,A71,1,female,A102,4,A124,adult,A143,A151,2,A171,1,A191,A201,2,female-adult
290,A11,18,A34,A45,1190,A61,A71,2,female,A101,4,A124,adult,A143,A153,3,A171,2,A191,A201,2,female-adult
291,A14,36,A34,A41,11054,A65,A73,4,male,A101,2,A123,adult,A143,A152,1,A174,1,A192,A201,1,male-adult
292,A12,24,A33,A43,1553,A62,A74,3,female,A101,2,A122,youth,A143,A151,2,A173,1,A192,A201,1,female-youth
293,A14,15,A32,A42,2221,A63,A73,2,female,A101,4,A123,youth,A143,A151,1,A173,1,A191,A201,1,female-youth
294,A14,12,A32,A49,1542,A61,A74,2,male,A101,4,A123,adult,A143,A152,1,A173,1,A192,A201,1,male-adult
295,A11,12,A32,A44,741,A62,A71,4,female,A101,3,A122,youth,A143,A152,1,A173,1,A191,A201,2,female-youth
296,A14,9,A32,A42,2301,A62,A72,2,female,A101,4,A122,youth,A143,A151,1,A173,1,A191,A201,1,female-youth
297,A14,33,A34,A41,7253,A61,A74,3,male,A101,2,A123,adult,A143,A152,2,A174,1,A192,A201,1,male-adult
298,A14,15,A32,A43,1213,A63,A75,4,male,A101,3,A122,adult,A142,A152,1,A173,1,A192,A201,1,male-adult
299,A11,21,A34,A40,1602,A61,A75,4,male,A101,3,A123,adult,A143,A152,2,A173,1,A192,A201,1,male-adult
300,A14,21,A34,A42,2288,A61,A72,4,female,A101,4,A122,youth,A143,A152,1,A173,1,A192,A201,1,female-youth
301,A11,6,A32,A41,1352,A63,A71,1,female,A101,2,A122,youth,A143,A151,1,A171,1,A192,A201,1,female-youth
302,A11,36,A34,A41,9629,A61,A74,4,male,A101,4,A123,youth,A143,A152,2,A173,1,A192,A201,2,male-youth
303,A13,12,A33,A40,2247,A61,A73,2,female,A101,2,A123,adult,A142,A152,2,A173,1,A192,A201,1,female-adult
304,A11,36,A32,A41,8229,A61,A73,2,male,A101,2,A122,adult,A143,A152,1,A173,2,A191,A201,2,male-adult
305,A11,12,A32,A46,684,A61,A73,4,male,A101,4,A123,adult,A143,A151,1,A172,2,A191,A201,2,male-adult
306,A14,9,A32,A49,1449,A61,A74,3,female,A101,2,A123,adult,A143,A152,2,A173,1,A191,A201,1,female-adult
307,A11,24,A32,A42,7721,A65,A72,1,female,A101,2,A122,adult,A143,A152,1,A173,1,A192,A202,1,female-adult
308,A14,60,A32,A40,10366,A61,A75,2,male,A101,4,A122,adult,A143,A152,1,A174,1,A192,A201,1,male-adult
309,A11,36,A32,A40,1842,A61,A72,4,female,A101,4,A123,adult,A143,A152,1,A173,1,A192,A201,2,female-adult
310,A13,12,A32,A42,1474,A61,A72,4,female,A101,1,A122,adult,A141,A152,1,A174,1,A192,A201,1,female-adult
311,A14,15,A32,A41,3812,A62,A72,1,female,A101,4,A123,youth,A143,A152,1,A173,1,A192,A201,1,female-youth
312,A14,9,A34,A42,2406,A61,A71,2,male,A101,3,A123,adult,A143,A152,1,A174,1,A191,A201,1,male-adult
313,A11,18,A34,A40,5302,A61,A75,2,male,A101,4,A124,adult,A143,A153,3,A174,1,A192,A201,1,male-adult
314,A11,30,A32,A42,2406,A61,A74,4,female,A101,4,A121,youth,A143,A151,1,A173,1,A191,A201,2,female-youth
315,A14,24,A33,A42,4151,A62,A73,2,male,A101,3,A122,adult,A143,A152,2,A173,1,A191,A201,1,male-adult
316,A14,6,A32,A43,1595,A61,A74,3,male,A101,2,A122,adult,A143,A152,1,A173,2,A191,A201,1,male-adult
317,A11,12,A34,A43,385,A61,A74,4,female,A101,3,A121,adult,A143,A152,4,A172,1,A192,A201,1,female-adult
318,A13,12,A32,A43,1881,A61,A73,2,female,A101,2,A123,adult,A143,A151,1,A172,1,A192,A201,1,female-adult
319,A14,15,A32,A40,3556,A65,A73,3,male,A101,2,A124,adult,A143,A152,1,A173,1,A191,A201,1,male-adult
320,A12,12,A32,A43,625,A61,A72,4,male,A103,1,A121,adult,A141,A152,1,A172,1,A191,A201,1,male-adult
321,A12,18,A33,A40,2899,A65,A75,4,male,A101,4,A123,adult,A143,A152,1,A173,2,A191,A201,1,male-adult
322,A12,12,A30,A42,2969,A61,A72,4,female,A101,3,A122,adult,A143,A151,2,A173,1,A191,A201,2,female-adult
323,A13,15,A32,A49,2687,A61,A74,2,male,A101,4,A122,adult,A143,A151,1,A173,1,A192,A201,1,male-adult
324,A12,24,A32,A42,3069,A62,A75,4,male,A101,4,A124,adult,A143,A153,1,A173,1,A191,A201,1,male-adult
325,A14,6,A32,A40,3518,A61,A73,2,male,A103,3,A122,adult,A143,A151,1,A173,1,A191,A201,1,male-adult
326,A11,6,A32,A46,448,A61,A72,4,female,A101,4,A122,youth,A143,A152,1,A173,1,A191,A201,2,female-youth
327,A12,18,A34,A43,1245,A61,A73,4,male,A101,2,A123,adult,A143,A152,1,A173,1,A191,A201,2,male-adult
328,A11,18,A32,A42,2039,A61,A73,1,female,A101,4,A121,youth,A141,A151,1,A173,1,A191,A201,2,female-youth
329,A12,12,A34,A41,1804,A62,A72,3,male,A101,4,A122,adult,A143,A152,1,A173,1,A191,A201,1,male-adult
330,A11,12,A32,A40,1274,A61,A72,3,female,A101,1,A121,adult,A143,A152,1,A172,1,A191,A201,2,female-adult
331,A14,24,A32,A40,1525,A64,A74,4,female,A101,3,A123,adult,A143,A152,1,A173,2,A192,A201,1,female-adult
332,A11,24,A32,A43,1603,A61,A75,4,female,A101,4,A123,adult,A143,A152,1,A173,1,A191,A201,1,female-adult
333,A12,12,A32,A40,1295,A61,A72,3,female,A101,1,A123,adult,A143,A151,1,A173,1,A191,A201,2,female-adult
334,A14,4,A34,A40,1455,A61,A74,2,male,A101,1,A121,adult,A143,A152,3,A172,2,A191,A201,1,male-adult
335,A14,24,A32,A41,5433,A65,A71,2,female,A101,4,A122,adult,A143,A151,1,A174,1,A192,A201,1,female-adult
336,A12,11,A32,A42,1577,A64,A72,4,female,A101,1,A121,youth,A143,A152,1,A173,1,A191,A201,1,female-youth
337,A11,12,A32,A43,1680,A63,A75,3,male,A101,1,A121,adult,A143,A152,1,A173,1,A191,A201,1,male-adult
338,A14,6,A32,A40,672,A61,A71,1,female,A101,4,A121,adult,A143,A152,1,A171,1,A192,A201,1,female-adult
339,A13,6,A34,A46,1047,A61,A73,2,female,A101,4,A122,adult,A143,A152,1,A172,1,A191,A201,1,female-adult
340,A12,18,A32,A43,3213,A63,A72,1,male,A101,3,A121,adult,A143,A151,1,A173,1,A191,A201,1,male-adult
341,A12,24,A34,A410,11938,A61,A73,2,male,A102,3,A123,adult,A143,A152,2,A174,2,A192,A201,2,male-adult
342,A14,36,A32,A43,3595,A61,A75,4,male,A101,2,A123,adult,A143,A152,1,A173,1,A191,A201,1,male-adult
343,A14,24,A34,A43,1516,A64,A73,4,female,A101,1,A121,adult,A143,A152,2,A172,1,A191,A201,1,female-adult
344,A13,24,A34,A49,1275,A64,A73,2,male,A101,4,A121,adult,A143,A152,2,A173,1,A192,A201,1,male-adult
345,A14,12,A32,A43,2073,A62,A73,4,female,A102,2,A121,adult,A143,A152,1,A173,1,A191,A201,1,female-adult
346,A14,9,A34,A40,1224,A61,A73,3,male,A101,1,A121,adult,A143,A152,2,A173,1,A191,A201,1,male-adult
347,A14,15,A34,A43,1829,A61,A75,4,male,A101,4,A123,adult,A143,A152,2,A173,1,A192,A201,1,male-adult
348,A12,36,A32,A46,12612,A62,A73,1,male,A101,4,A124,adult,A143,A153,1,A173,2,A192,A201,2,male-adult
349,A13,18,A32,A40,1961,A61,A75,3,female,A101,2,A123,youth,A143,A152,1,A174,1,A191,A201,1,female-youth
350,A14,36,A32,A41,8133,A61,A73,1,female,A101,2,A122,adult,A141,A152,1,A173,1,A191,A201,1,female-adult
351,A11,24,A32,A42,1747,A61,A72,4,male,A102,1,A122,youth,A143,A152,1,A172,1,A191,A202,1,male-youth
352,A14,24,A32,A48,937,A61,A72,4,male,A101,3,A123,adult,A143,A152,2,A172,1,A191,A201,1,male-adult
353,A12,48,A32,A43,3060,A61,A74,4,male,A101,4,A121,adult,A143,A152,2,A173,1,A191,A201,2,male-adult
354,A14,21,A32,A49,1572,A64,A75,4,female,A101,4,A121,adult,A141,A152,1,A172,1,A191,A201,1,female-adult
355,A12,48,A32,A410,5381,A65,A71,3,male,A101,4,A124,adult,A141,A153,1,A171,1,A192,A201,1,male-adult
356,A11,48,A34,A41,6143,A61,A75,4,female,A101,4,A124,adult,A142,A153,2,A172,1,A191,A201,2,female-adult
357,A12,20,A33,A410,2629,A61,A73,2,male,A101,3,A123,adult,A141,A152,2,A173,1,A192,A201,1,male-adult
358,A11,24,A33,A40,1333,A61,A71,4,male,A101,2,A121,adult,A143,A153,2,A173,2,A191,A201,2,male-adult
359,A14,18,A34,A43,1582,A64,A75,4,male,A101,4,A123,adult,A143,A152,2,A173,1,A191,A201,1,male-adult
360,A14,22,A32,A43,2675,A63,A75,3,male,A101,4,A123,adult,A143,A152,1,A173,1,A191,A201,1,male-adult
361,A11,18,A32,A40,1216,A61,A72,4,female,A101,3,A123,youth,A143,A151,1,A173,1,A192,A201,2,female-youth
362,A12,36,A32,A43,4795,A61,A72,4,female,A101,1,A124,adult,A143,A152,1,A174,1,A192,A201,1,female-adult
363,A12,30,A32,A43,1715,A65,A73,4,female,A101,1,A123,adult,A143,A152,1,A173,1,A191,A201,1,female-adult
364,A14,18,A34,A43,1169,A65,A73,4,male,A101,3,A122,adult,A143,A152,2,A173,1,A192,A201,1,male-adult
365,A14,24,A33,A41,4679,A61,A74,3,male,A101,3,A123,adult,A143,A152,2,A172,1,A192,A201,1,male-adult
366,A14,24,A32,A41,7814,A61,A74,3,male,A101,3,A123,adult,A143,A152,1,A174,1,A192,A201,1,male-adult
367,A11,24,A32,A40,1207,A61,A72,4,female,A101,4,A122,youth,A143,A151,1,A173,1,A191,A201,2,female-youth
368,A12,36,A32,A43,2323,A61,A74,4,male,A101,4,A123,youth,A143,A151,1,A173,1,A191,A201,1,male-youth
369,A12,12,A32,A43,1155,A61,A75,3,male,A103,3,A121,adult,A141,A152,2,A172,1,A191,A201,1,male-adult
370,A12,12,A32,A43,1092,A61,A73,4,female,A103,4,A121,adult,A143,A152,2,A173,1,A192,A201,1,female-adult
371,A11,12,A33,A40,1344,A61,A73,4,male,A101,2,A121,adult,A143,A152,2,A172,2,A191,A201,1,male-adult
372,A11,18,A34,A42,1049,A61,A72,4,female,A101,4,A122,youth,A143,A151,1,A173,1,A191,A201,1,female-youth
373,A11,24,A32,A43,1987,A61,A73,2,male,A101,4,A121,youth,A143,A151,1,A172,2,A191,A201,2,male-youth
374,A12,60,A33,A43,7418,A65,A73,1,male,A101,1,A121,adult,A143,A152,1,A172,1,A191,A201,1,male-adult
375,A14,4,A32,A42,601,A61,A72,1,female,A101,3,A121,youth,A143,A151,1,A172,2,A191,A201,1,female-youth
376,A11,18,A32,A43,1882,A61,A73,4,female,A101,4,A123,adult,A141,A151,2,A173,1,A191,A201,2,female-adult
377,A14,48,A32,A43,10222,A65,A74,4,male,A101,3,A123,adult,A142,A152,1,A173,1,A192,A201,1,male-adult
378,A14,18,A34,A40,1028,A61,A73,4,female,A101,3,A121,adult,A143,A152,2,A173,1,A191,A201,1,female-adult
379,A14,36,A34,A40,3535,A61,A74,4,male,A101,4,A123,adult,A143,A152,2,A173,1,A192,A201,1,male-adult
380,A12,36,A34,A40,2820,A61,A72,4,male,A101,4,A123,adult,A143,A152,2,A173,1,A191,A201,2,male-adult
381,A12,45,A34,A43,4746,A61,A72,4,male,A101,2,A122,adult,A143,A152,2,A172,1,A191,A201,2,male-adult
382,A12,9,A32,A42,2030,A65,A74,2,male,A101,1,A123,youth,A143,A152,1,A173,1,A192,A201,1,male-youth
383,A11,6,A34,A40,4716,A65,A72,1,male,A101,3,A121,adult,A143,A152,2,A172,2,A191,A201,1,male-adult
384,A13,9,A30,A43,1337,A61,A72,4,male,A101,2,A123,adult,A143,A152,2,A174,1,A192,A201,2,male-adult
385,A11,10,A34,A42,2132,A65,A72,2,female,A102,3,A121,adult,A143,A151,2,A173,1,A191,A202,1,female-adult
386,A11,27,A30,A49,5293,A61,A71,2,male,A101,4,A122,adult,A142,A152,2,A173,1,A192,A201,2,male-adult
387,A14,30,A34,A43,5954,A61,A74,3,male,A102,2,A123,adult,A143,A152,1,A173,1,A191,A201,1,male-adult
388,A14,24,A32,A49,4591,A64,A73,2,male,A101,3,A122,adult,A143,A152,3,A174,1,A192,A201,2,male-adult
389,A12,20,A30,A41,6148,A62,A75,3,male,A101,4,A123,adult,A141,A152,2,A173,1,A192,A201,1,male-adult
390,A14,36,A34,A40,7855,A61,A73,4,female,A101,2,A121,adult,A142,A152,2,A173,1,A192,A201,2,female-adult
391,A14,6,A32,A45,660,A63,A74,2,male,A101,4,A121,youth,A143,A151,1,A172,1,A191,A201,1,male-youth
392,A11,18,A32,A46,750,A61,A71,4,female,A101,1,A121,adult,A143,A152,1,A171,1,A191,A201,2,female-adult
393,A11,12,A32,A46,795,A61,A72,4,female,A101,4,A122,adult,A143,A152,1,A173,1,A191,A201,2,female-adult
394,A11,18,A31,A42,1553,A61,A73,4,male,A101,3,A123,adult,A141,A152,1,A173,1,A191,A201,2,male-adult
395,A14,6,A34,A43,1898,A65,A73,1,male,A101,2,A121,adult,A143,A152,2,A172,2,A191,A201,1,male-adult
396,A12,72,A32,A43,5595,A62,A73,2,male,A101,2,A123,youth,A143,A152,1,A173,1,A191,A201,2,male-youth
397,A12,24,A33,A49,6967,A62,A74,4,male,A101,4,A123,adult,A143,A151,1,A174,1,A192,A201,1,male-adult
398,A11,9,A32,A43,1366,A61,A72,3,female,A101,4,A122,youth,A143,A151,1,A173,1,A191,A201,2,female-youth
399,A11,24,A31,A42,3552,A61,A74,3,male,A101,4,A123,adult,A141,A152,1,A173,1,A191,A201,2,male-adult
400,A14,36,A33,A49,7980,A65,A72,4,male,A101,4,A123,adult,A143,A151,2,A173,1,A192,A201,2,male-adult
401,A14,12,A33,A41,1503,A61,A73,4,male,A101,4,A121,adult,A143,A151,1,A173,1,A191,A201,1,male-adult
402,A11,24,A32,A42,3234,A61,A72,4,female,A101,4,A121,youth,A143,A151,1,A172,1,A192,A201,2,female-youth
403,A14,6,A34,A40,2080,A63,A73,1,male,A101,2,A123,youth,A143,A152,1,A173,1,A191,A201,1,male-youth
404,A12,12,A34,A43,3573,A61,A73,1,female,A101,1,A121,youth,A143,A152,1,A172,1,A191,A201,1,female-youth
405,A12,15,A32,A43,802,A61,A75,4,male,A101,3,A123,adult,A143,A152,1,A173,2,A191,A201,2,male-adult
406,A11,24,A32,A43,2384,A61,A75,4,male,A101,4,A121,adult,A141,A151,1,A172,1,A191,A201,1,male-adult
407,A12,11,A34,A40,1322,A64,A73,4,female,A101,4,A123,adult,A143,A152,2,A173,1,A191,A201,1,female-adult
408,A14,4,A34,A40,3380,A61,A74,1,female,A101,1,A121,adult,A143,A152,1,A173,2,A191,A201,1,female-adult
409,A14,24,A34,A410,6314,A61,A71,4,male,A102,2,A124,adult,A141,A152,2,A174,1,A192,A201,1,male-adult
410,A12,15,A31,A40,1264,A62,A73,2,male,A101,2,A122,adult,A143,A151,1,A173,1,A191,A201,2,male-adult
411,A13,10,A34,A43,1347,A65,A74,4,male,A101,2,A122,adult,A143,A152,2,A173,1,A192,A201,1,male-adult
412,A12,24,A33,A43,6403,A61,A72,1,male,A101,2,A123,adult,A143,A152,1,A173,1,A191,A201,1,male-adult
413,A14,6,A34,A43,700,A65,A75,4,male,A101,4,A124,adult,A143,A153,2,A173,1,A191,A201,1,male-adult
414,A12,12,A32,A40,888,A61,A75,4,male,A101,4,A123,adult,A141,A152,1,A172,2,A191,A201,2,male-adult
415,A14,24,A31,A49,1559,A61,A74,4,male,A101,4,A123,adult,A141,A152,1,A173,1,A192,A201,1,male-adult
416,A14,24,A32,A40,7393,A61,A73,1,male,A101,4,A122,adult,A143,A152,1,A172,2,A191,A201,1,male-adult
417,A12,24,A34,A49,1935,A61,A75,4,male,A101,4,A121,adult,A143,A152,2,A173,1,A192,A201,2,male-adult
418,A12,48,A31,A40,12169,A65,A71,4,male,A102,4,A124,adult,A143,A153,1,A174,1,A192,A201,1,male-adult
419,A11,12,A30,A40,1082,A61,A73,4,male,A101,4,A123,adult,A141,A152,2,A173,1,A191,A201,2,male-adult
420,A14,24,A34,A43,2684,A61,A73,4,male,A101,2,A121,adult,A143,A152,2,A172,1,A191,A201,1,male-adult
421,A14,15,A32,A42,2186,A65,A74,1,female,A101,4,A121,adult,A141,A151,1,A172,1,A191,A201,1,female-adult
422,A11,12,A32,A42,652,A61,A75,4,female,A101,4,A122,youth,A143,A151,1,A173,1,A191,A201,1,female-youth
423,A14,27,A33,A49,5117,A61,A74,3,male,A101,4,A123,adult,A143,A152,2,A173,1,A191,A201,1,male-adult
424,A12,15,A32,A45,1514,A62,A73,4,male,A103,2,A121,youth,A143,A152,1,A173,1,A191,A201,1,male-youth
425,A14,27,A33,A41,8613,A64,A73,2,male,A101,2,A123,adult,A143,A152,2,A173,1,A191,A201,1,male-adult
426,A14,24,A32,A43,1413,A61,A73,4,male,A101,2,A122,adult,A143,A152,1,A173,1,A191,A201,1,male-adult
427,A11,30,A34,A41,10623,A61,A75,3,male,A101,4,A124,adult,A143,A153,3,A174,2,A192,A201,1,male-adult
428,A11,36,A32,A46,1977,A65,A75,4,male,A101,4,A124,adult,A143,A152,1,A174,1,A192,A201,2,male-adult
429,A12,8,A32,A42,1237,A61,A73,3,female,A101,4,A121,youth,A143,A152,1,A173,1,A191,A201,2,female-youth
430,A13,24,A32,A42,1925,A61,A73,2,male,A101,2,A121,adult,A143,A152,1,A173,1,A191,A201,1,male-adult
431,A11,18,A32,A40,976,A61,A72,1,female,A101,2,A123,youth,A143,A152,1,A172,1,A191,A201,2,female-youth
432,A12,24,A32,A43,2896,A62,A72,2,male,A101,1,A123,adult,A143,A152,1,A173,1,A191,A201,1,male-adult
433,A13,6,A33,A43,683,A61,A72,2,female,A101,1,A122,adult,A141,A152,1,A173,1,A191,A201,1,female-adult
434,A14,12,A32,A40,1884,A61,A75,4,male,A101,4,A123,adult,A143,A152,1,A174,1,A192,A201,1,male-adult
435,A11,6,A32,A40,1203,A62,A75,3,male,A101,2,A122,adult,A143,A152,1,A173,1,A192,A201,1,male-adult
436,A11,45,A32,A43,1845,A61,A73,4,male,A101,4,A124,youth,A143,A153,1,A173,1,A192,A201,2,male-youth
437,A13,18,A32,A42,2864,A61,A73,2,male,A101,1,A121,adult,A143,A152,1,A172,2,A191,A201,2,male-adult
438,A11,24,A32,A42,3021,A61,A73,2,male,A101,2,A121,youth,A143,A151,1,A172,1,A191,A201,1,male-youth
439,A14,24,A33,A40,2538,A61,A75,4,male,A101,4,A123,adult,A143,A152,2,A172,2,A191,A201,2,male-adult
440,A14,42,A32,A43,7166,A65,A74,2,male,A101,4,A122,adult,A143,A151,1,A173,1,A192,A201,1,male-adult
441,A11,24,A32,A41,2812,A65,A75,2,female,A101,4,A121,adult,A143,A151,1,A173,1,A191,A201,1,female-adult
442,A11,36,A32,A41,5493,A61,A75,2,male,A101,4,A124,adult,A143,A153,1,A173,2,A191,A201,1,male-adult
443,A14,24,A33,A49,2978,A65,A73,4,male,A101,4,A121,adult,A143,A152,2,A173,2,A192,A201,1,male-adult
444,A11,15,A34,A42,975,A61,A73,2,male,A101,3,A122,adult,A143,A152,2,A173,1,A191,A201,1,male-adult
445,A12,9,A32,A43,1082,A61,A75,4,male,A101,4,A123,adult,A143,A152,2,A172,1,A191,A201,1,male-adult
446,A12,39,A34,A43,4933,A61,A74,2,male,A103,2,A121,adult,A143,A152,2,A173,1,A191,A201,2,male-adult
447,A11,9,A32,A42,2136,A61,A73,3,male,A101,2,A121,adult,A143,A152,1,A173,1,A191,A201,1,male-adult
448,A11,12,A32,A42,1282,A61,A73,2,female,A101,4,A123,youth,A143,A151,1,A173,1,A191,A201,2,female-youth
449,A12,27,A33,A41,5965,A61,A75,1,male,A101,2,A123,adult,A143,A152,2,A174,1,A192,A201,1,male-adult
450,A14,12,A34,A42,1592,A64,A74,3,female,A101,2,A122,adult,A143,A152,1,A173,1,A191,A202,1,female-adult
451,A12,12,A32,A43,1534,A61,A72,1,male,A101,1,A121,youth,A143,A151,1,A173,1,A191,A201,2,male-youth
452,A14,12,A34,A42,1935,A61,A75,4,male,A101,4,A121,adult,A143,A152,3,A173,1,A192,A201,1,male-adult
453,A11,18,A32,A40,2249,A62,A74,4,male,A101,3,A123,adult,A143,A152,1,A174,2,A192,A201,1,male-adult
454,A12,24,A32,A43,3092,A62,A72,3,male,A101,2,A123,youth,A143,A151,1,A173,1,A192,A201,2,male-youth
455,A14,18,A32,A41,3378,A65,A73,2,male,A101,1,A122,adult,A143,A152,1,A173,1,A192,A201,1,male-adult
456,A12,18,A32,A49,1913,A64,A72,3,male,A101,3,A121,adult,A141,A152,1,A173,1,A192,A201,1,male-adult
457,A14,12,A34,A43,930,A65,A75,4,male,A101,4,A121,adult,A143,A152,4,A173,1,A191,A201,1,male-adult
458,A14,12,A32,A40,2390,A65,A75,4,male,A101,3,A123,adult,A143,A152,1,A173,1,A192,A201,1,male-adult
459,A14,12,A34,A49,1185,A61,A73,3,female,A101,2,A121,adult,A143,A152,2,A173,1,A191,A201,1,female-adult
460,A12,48,A32,A43,3979,A65,A74,4,male,A101,1,A123,adult,A143,A152,2,A173,2,A192,A201,1,male-adult
461,A12,16,A34,A40,1175,A61,A71,2,male,A101,3,A123,adult,A143,A153,3,A171,1,A192,A201,1,male-adult
462,A12,9,A32,A43,1670,A61,A72,4,female,A101,2,A123,youth,A143,A152,1,A173,1,A192,A201,2,female-youth
463,A12,15,A34,A43,1537,A65,A75,4,male,A103,4,A121,adult,A143,A152,2,A173,1,A192,A201,1,male-adult
464,A11,18,A32,A43,1345,A61,A73,4,male,A101,3,A121,adult,A141,A152,1,A173,1,A191,A201,2,male-adult
465,A12,12,A32,A42,1922,A61,A73,4,male,A101,2,A122,adult,A143,A152,1,A172,1,A191,A201,2,male-adult
466,A12,11,A33,A43,4771,A61,A74,2,male,A101,4,A122,adult,A143,A152,1,A173,1,A191,A201,1,male-adult
467,A12,36,A34,A43,2337,A61,A75,4,male,A101,4,A121,adult,A143,A152,1,A173,1,A191,A201,1,male-adult
468,A12,9,A34,A46,1136,A64,A75,4,male,A101,3,A124,adult,A143,A153,2,A173,2,A191,A201,2,male-adult
469,A14,24,A34,A42,2028,A61,A74,2,male,A101,2,A122,adult,A143,A152,2,A172,1,A191,A201,1,male-adult
470,A12,27,A34,A43,2520,A63,A73,4,male,A101,2,A122,youth,A143,A152,2,A172,1,A191,A201,2,male-youth
471,A14,6,A33,A43,932,A61,A73,3,female,A101,2,A121,youth,A143,A152,1,A173,1,A191,A201,1,female-youth
472,A14,24,A34,A41,6842,A65,A73,2,male,A101,4,A122,adult,A143,A152,2,A174,2,A192,A201,1,male-adult
473,A14,24,A32,A42,5511,A62,A73,4,male,A101,1,A123,adult,A142,A152,1,A173,1,A191,A201,1,male-adult
474,A14,21,A32,A41,2476,A65,A75,4,male,A101,4,A121,adult,A143,A152,1,A174,1,A192,A201,1,male-adult
475,A11,24,A32,A43,2439,A61,A72,4,female,A101,4,A121,adult,A143,A152,1,A173,1,A192,A201,2,female-adult
476,A14,24,A32,A43,999,A65,A75,4,male,A101,2,A123,adult,A143,A152,2,A173,1,A191,A201,1,male-adult
477,A13,6,A32,A42,2116,A61,A73,2,male,A101,2,A121,adult,A143,A152,1,A173,1,A192,A201,1,male-adult
478,A14,24,A32,A40,1393,A61,A73,2,male,A103,2,A121,adult,A143,A152,1,A173,1,A192,A201,1,male-adult
479,A12,9,A32,A42,918,A61,A73,4,female,A101,1,A122,adult,A143,A152,1,A173,1,A191,A201,2,female-adult
480,A11,30,A32,A42,3108,A61,A72,2,male,A101,4,A122,adult,A143,A152,1,A172,1,A191,A201,2,male-adult
481,A12,36,A32,A40,14318,A61,A75,4,male,A101,2,A124,adult,A143,A153,1,A174,1,A192,A201,2,male-adult
482,A14,12,A30,A42,2759,A61,A75,2,male,A101,4,A122,adult,A143,A152,2,A173,1,A191,A201,1,male-adult
483,A12,45,A34,A41,4576,A62,A71,3,male,A101,4,A123,adult,A143,A152,1,A173,1,A191,A201,1,male-adult
484,A14,24,A33,A49,2375,A63,A73,4,male,A101,2,A123,adult,A143,A152,2,A173,2,A192,A201,1,male-adult
485,A11,21,A32,A43,3357,A64,A72,4,female,A101,2,A123,adult,A141,A152,1,A173,1,A191,A201,1,female-adult
486,A11,18,A32,A42,2462,A61,A73,2,male,A101,2,A123,youth,A143,A152,1,A173,1,A191,A201,2,male-youth
487,A12,12,A32,A42,983,A64,A72,1,female,A101,4,A121,youth,A143,A151,1,A172,1,A191,A201,1,female-youth
488,A12,15,A32,A40,2631,A62,A73,2,female,A101,4,A123,adult,A143,A151,2,A173,1,A192,A201,2,female-adult
489,A11,6,A32,A42,1374,A61,A73,1,male,A101,2,A121,adult,A141,A152,1,A172,1,A192,A201,1,male-adult
490,A11,24,A31,A42,3349,A63,A72,4,male,A101,4,A124,adult,A143,A153,1,A173,2,A192,A201,2,male-adult
491,A11,12,A32,A40,1168,A61,A73,4,male,A101,3,A121,adult,A143,A152,1,A172,1,A191,A201,1,male-adult
492,A12,60,A32,A40,7408,A62,A72,4,female,A101,2,A122,youth,A143,A152,1,A174,1,A191,A201,2,female-youth
493,A12,48,A31,A49,3566,A62,A74,4,male,A101,2,A123,adult,A143,A152,1,A173,1,A191,A201,1,male-adult
494,A11,9,A34,A40,2799,A61,A73,2,male,A101,2,A121,adult,A143,A151,2,A173,2,A191,A201,1,male-adult
495,A14,28,A31,A41,7824,A65,A72,3,male,A103,4,A121,adult,A141,A151,2,A173,2,A192,A201,1,male-adult
496,A14,36,A32,A40,909,A63,A75,4,male,A101,4,A122,adult,A143,A152,1,A173,1,A191,A201,1,male-adult
497,A14,6,A32,A48,1238,A65,A71,4,male,A101,4,A122,adult,A143,A152,1,A174,2,A192,A201,1,male-adult
498,A13,24,A34,A43,3148,A65,A73,3,male,A101,2,A123,adult,A143,A152,2,A173,1,A192,A201,1,male-adult
